"","V1","V2"
"1",154.553010027416,166.869444009366
"2",158.74724914099,171.351604651003
"3",164.942720277365,177.346138252633
"4",142.065998900444,152.914350728297
"5",145.839278016933,158.23529598413
"6",149.299133152979,161.337736718368
"7",152.758988289025,164.781419335045
"8",158.098861481688,169.225581554536
"9",131.150074650488,140.875381362752
"10",133.594712463145,144.168784421812
"11",137.457248791585,148.89615503649
"12",141.319785120025,153.998095904423
"13",144.045256278542,156.085297314543
"14",146.77072743706,158.38856897802
"15",151.255002686012,161.300307402839
"16",123.297773812113,134.334466681445
"17",124.179386139089,134.067199484909
"18",126.127792011725,136.369293054553
"19",128.076197884361,138.952530454896
"20",130.255600123834,141.100915797468
"21",132.435002363306,143.505130997232
"22",136.065690806555,146.001055534659
"23",139.696379249805,148.732248445004
"24",144.354585789309,151.915603337322
"25",77.8645666887795,120.589776264816
"26",79.187936214255,120.748674401896
"27",80.5113057397306,121.323894944172
"28",83.0850014491466,125.224099154137
"29",85.6586971585625,129.533889560615
"30",87.8140233611337,133.247918005462
"31",96.267248003093,130.688721885211
"32",98.7872481423174,134.847966260746
"33",109.496668418502,150.011284409968
"34",111.289494562862,152.14606014087
"35",111.65565396526,152.225536457646
"36",117.051886032967,133.344749221087
"37",118.312248402218,131.498972514312
"38",118.982791921283,130.798123198829
"39",119.653335440348,130.539234410295
"40",121.105509372963,132.203976153934
"41",122.557683305577,134.100638142902
"42",123.053951456082,133.61396461127
"43",123.550219606587,133.381640963053
"44",128.086125334568,136.196639117476
"45",132.62203106255,139.361607574515
"46",137.454168892606,142.822170168554
"47",80.4849290022519,125.444313616775
"48",79.4919398330611,122.156421874148
"49",78.4989506638703,119.21428571357
"50",80.7992586781824,122.514863549087
"51",83.0995666924945,126.081986592486
"52",84.4738421040277,128.13057704839
"53",85.8481175155608,130.457385778582
"54",90.1241500806158,137.383963658441
"55",94.4001826456708,144.619631642455
"56",97.7786248143479,150.877177453105
"57",101.157066983025,157.455182757781
"58",92.4272480048104,125.724583187132
"59",93.2994943572478,126.719300422761
"60",94.1717407096852,127.895676326346
"61",96.6442045542263,131.639439281979
"62",99.1166683987674,135.655869830001
"63",107.277338719562,147.136495677991
"64",109.453588881182,149.918242554254
"65",108.357900382036,147.484073269788
"66",107.26221188289,145.236005169427
"67",113.310110627339,132.287382942876
"68",114.147411338965,130.178949427436
"69",114.984712050591,128.70545106802
"70",116.016107044737,128.189473997799
"71",117.047502038884,128.009903318874
"72",118.506994821386,129.942726719929
"73",119.966487603888,132.047303706925
"74",119.462574564726,129.6535916103
"75",118.958661525564,127.500607362635
"76",123.222628880033,129.592770858052
"77",127.486596234502,132.100152841251
"78",134.373299339402,137.073730968826
"79",81.6796029424646,129.83598974502
"80",83.1052913157242,130.668193585953
"81",79.7959434518672,124.010652293559
"82",76.4865955880101,117.697602567415
"83",78.5135159072183,120.266554969057
"84",80.5404362264265,123.106799806222
"85",81.1336608469216,123.376902793591
"86",81.7268854674168,123.920035338151
"87",86.9726463673879,132.530721784841
"88",92.2184072673591,141.480739584997
"89",95.2601827965293,147.666796586325
"90",98.3019583256996,154.350742152865
"91",99.9192409660856,155.299808675527
"92",101.297501708332,150.786958379686
"93",101.132610431794,148.939979169332
"94",102.305979875939,149.090929662635
"95",103.479349320085,149.352047992007
"96",99.1937336189295,138.725548205438
"97",96.2170305995568,133.275317485864
"98",92.7830813444017,127.309895343392
"99",89.3491320892467,121.667873034178
"100",90.7126827527621,123.398762209307
"101",92.0762334162774,125.334031697839
"102",94.5011609661352,128.679122881565
"103",96.926088515993,132.35154622456
"104",102.498334841743,141.567910674357
"105",105.058009020622,144.628204899451
"106",107.617683199502,148.10035361948
"107",105.060146798812,143.051579997548
"108",102.502610398122,138.250054339088
"109",103.048516288384,136.710570102673
"110",103.594422178645,135.335494893907
"111",105.683661339184,135.700952177757
"112",107.772900499722,136.231477741901
"113",110.828697590962,129.612592826798
"114",111.242936644962,127.820200697867
"115",111.657175698963,126.500491250929
"116",113.049422168192,125.96607143711
"117",114.441668637421,125.799676728859
"118",115.90848026981,127.933252940244
"119",117.375291902199,130.290486785297
"120",115.871197673371,126.067058920931
"121",114.367103444542,122.12601631933
"122",118.359132425498,123.399609440585
"123",122.351161406454,125.264803555267
"124",80.5143492173998,128.271979304302
"125",81.2621028746465,128.205201605603
"126",78.7737513676569,123.084729959606
"127",76.2853998606674,118.239102752889
"128",76.1825012865449,117.45679009379
"129",76.0796027124225,116.824367174434
"130",73.6255265842475,111.571528496737
"131",71.1714504560726,106.600649361624
"132",78.1324831424902,118.007558637673
"133",85.0935158289078,129.658370055815
"134",90.7588601504021,139.548702197787
"135",96.4242044718963,149.78348443976
"136",98.54965746956,152.580833689231
"137",100.675110467224,155.663900561521
"138",101.130327894842,155.496639403154
"139",101.585545322461,155.603314065102
"140",101.55813582708,153.433493951901
"141",101.530726331699,151.401140348802
"142",101.820545147735,150.124574330596
"143",102.11036396377,148.964682415077
"144",97.9437154909758,138.61122822125
"145",95.5213060021725,133.835166430343
"146",92.7334617901729,128.791855790331
"147",89.9456175781733,123.97301021186
"148",90.6526464935811,124.312024306188
"149",91.3596754089889,124.841363464071
"150",92.8498384758169,126.767029739154
"151",94.3400015426449,128.953122159191
"152",96.6344036485217,132.42554468219
"153",98.9288057543985,136.206275446096
"154",100.556740727909,138.612123797904
"155",102.184675701419,141.33493088375
"156",100.928606788577,138.333723247618
"157",99.6725378757343,135.527791382797
"158",100.313624908767,134.207825860151
"159",100.9547119418,133.061230148561
"160",102.960726474848,133.39242935968
"161",104.966741007896,133.896988673025
"162",111.645001906359,136.867370212087
"163",111.339168491505,135.165267220664
"164",111.03333507665,133.723850932889
"165",110.400436649835,131.866148129161
"166",109.767538223019,130.341838747309
"167",110.51025551503,129.298813884775
"168",111.252972807041,128.593471811447
"169",113.093009096774,128.476952669431
"170",114.933045386507,128.729985962341
"171",116.1422302175,129.560163390659
"172",117.351415048494,130.604852923448
"173",116.558208528374,127.048481951262
"174",115.765002008255,123.860386958722
"175",119.616560055097,125.063262190895
"176",123.468118101939,126.750936248684
"177",79.2792765511011,128.218859274281
"178",79.3490954923349,127.044779872301
"179",79.4189144335687,126.107716495269
"180",77.7515592834467,122.507266381821
"181",76.0842041333246,119.150619362796
"182",73.8514866658716,115.017920826158
"183",71.6187691984185,110.987921191647
"184",66.1173923215734,100.119731370801
"185",60.6160154447283,89.6288353972906
"186",69.2923199175925,103.723521688864
"187",77.9686243904566,118.018197707019
"188",86.2575375042748,131.704776376836
"189",94.546450618093,145.665315003276
"190",97.1800739730344,150.23187902841
"191",99.8136973279758,155.085900811216
"192",100.761197494014,156.83311347314
"193",101.708697660051,159.003373838827
"194",101.818769945828,156.452842800625
"195",101.928842231604,154.194317754901
"196",101.33511041953,151.530684328576
"197",100.741378607455,149.027458248704
"198",99.6515959643556,145.956952060555
"199",98.5618133212561,143.076648097017
"200",96.6936973630221,138.763826681802
"201",94.8255814047881,134.71520846098
"202",92.683842235944,130.520529063666
"203",90.5421030670998,126.497640517899
"204",90.5926102344001,125.446385979792
"205",90.6431174017003,124.600065563294
"206",91.1985159854985,125.060436489603
"207",91.7539145692967,125.741336246528
"208",93.5565956181752,128.262437308802
"209",95.3592766670537,131.108709223945
"210",96.0554724351949,132.873517269956
"211",96.751668203336,134.961948143187
"212",96.7970667783414,133.849714592327
"213",96.8424653533468,132.963888398747
"214",97.5787335291505,131.857170122941
"215",98.3150017049542,130.958229717058
"216",100.237791610512,131.274317611081
"217",102.16058151607,131.82220665128
"218",105.240653958204,133.184883602639
"219",108.320726400338,134.865724201927
"220",108.722248100551,133.799335519132
"221",109.123769800764,133.02500589275
"222",108.91507432792,132.060979603467
"223",108.706378855076,131.413268973765
"224",109.777574385098,131.052551617517
"225",110.84876991512,130.994967258251
"226",113.136596025356,131.249952451915
"227",115.424422135593,131.948594204084
"228",116.37598016519,131.46060992461
"229",117.327538194788,131.225871878193
"230",117.245219383378,128.358951756146
"231",117.162900571968,126.023165453931
"232",120.873987684696,127.181058340367
"233",124.585074797424,128.787217244694
"234",75.5867040781682,121.980141974441
"235",76.1169940352413,121.767187434838
"236",76.6472839923144,121.811347292874
"237",75.405780346477,119.552590532165
"238",74.1642767006396,117.503049868579
"239",72.69753745978,114.721855586
"240",71.2307982189203,112.010549777746
"241",66.0425010668546,101.806697667676
"242",60.8542039147889,91.9169991274519
"243",68.6995844723616,104.381882708634
"244",76.5449650299344,117.043043198848
"245",84.0047839457156,129.150960114948
"246",91.4646028614967,141.50712340304
"247",94.2544036965007,146.173571798095
"248",97.0442045315047,151.079567757456
"249",98.1109256577395,152.893762540971
"250",99.1776467839742,154.980835691268
"251",99.4281358040721,153.384506432672
"252",99.67862482417,151.998047041281
"253",99.574422042308,150.454947248344
"254",99.4702192604461,149.08549298252
"255",98.5361430382451,146.412596294635
"256",97.602066816044,143.962828109816
"257",95.4892588699952,139.125935078594
"258",93.3764509239464,134.546642217062
"259",92.0095668199648,131.296878857715
"260",90.6426827159832,128.254106194269
"261",90.8996936017567,127.53156036406
"262",91.1567044875301,126.996989920009
"263",91.1855631709301,126.58040400943
"264",91.2144218543302,126.369493205015
"265",91.9772660211863,127.292277485307
"266",92.7401101880424,128.495422110108
"267",93.05762832897,129.195511152705
"268",93.3751464698977,130.243192332325
"269",93.4571210803842,129.53284903697
"270",93.5390956908708,129.008067095091
"271",94.0082624135404,128.04623186304
"272",94.4774291362101,127.255451776871
"273",96.4301646687968,127.895115727995
"274",98.3829002013835,128.80514062508
"275",100.575273414561,128.711157346863
"276",102.767646627738,128.939268306542
"277",103.496559640063,128.251071421254
"278",104.225472652388,127.852907921575
"279",104.782501796254,127.695992999915
"280",105.339530940119,127.834765888703
"281",107.129222949589,128.555801950503
"282",108.918914959059,129.535243227311
"283",111.826034512734,131.047105622491
"284",114.733154066409,132.969121942393
"285",115.896922274686,132.042443956582
"286",117.060690482962,131.438881305142
"287",118.393262974452,129.996606386583
"288",119.725835465942,129.071155755011
"289",123.88054567509,130.860626152486
"290",128.035255884239,133.131777742505
"291",71.8941316052353,116.032801873968
"292",72.8848925781477,116.824231216197
"293",73.87565355106,117.939757995101
"294",73.0600014095073,117.009100541479
"295",72.2443492679546,116.268365011984
"296",71.5435882536884,114.813951373025
"297",70.842827239422,113.4141604228
"298",65.9676098121357,103.840808744324
"299",61.0923923848494,94.5495469168188
"300",68.1068490271308,105.346864709098
"301",75.1213056694122,116.381533186428
"302",81.7520303871564,126.862944183992
"303",88.3827551049005,137.600294438098
"304",91.3287334199671,142.334557444192
"305",94.2747117350337,147.278984399606
"306",95.4606538214653,149.238391618008
"307",96.646595907897,151.402058868779
"308",97.0375016623163,150.607838157394
"309",97.4284074167357,150.044944397027
"310",97.8137336650863,149.600711870083
"311",98.199059913437,149.370384534939
"312",97.4206901121345,147.119341591988
"313",96.6423203108319,145.133116605897
"314",94.2848203769683,139.756739078379
"315",91.9273204431046,134.657642707544
"316",91.3352914039856,132.347787980511
"317",90.7432623648665,130.302534869591
"318",91.2067769691132,129.896943602875
"319",91.6702915733599,129.680248098556
"320",91.1726103563618,128.386083177329
"321",90.6749291393636,127.310969215127
"322",90.3979364241973,126.601815824641
"323",90.120943709031,126.174680003363
"324",90.0597842227452,125.772325461651
"325",89.9986247364594,125.848988929798
"326",90.117175382427,125.515536247765
"327",90.2357260283947,125.387515746857
"328",90.4377912979303,124.5320255977
"329",90.639856567466,123.858231521921
"330",92.6225377270817,124.720493994544
"331",94.6052188866974,126.006220311429
"332",95.9098928709177,124.424105114699
"333",97.214566855138,123.250991385503
"334",98.2708711795752,122.934529913579
"335",99.3271755040124,122.928494226624
"336",100.649929264587,123.559204607773
"337",101.972683025162,124.505983476206
"338",104.48087151408,126.307811211589
"339",106.989060002997,128.378928756378
"340",110.515473000111,131.153816870822
"341",114.041885997225,134.367566593957
"342",115.417864384181,132.935008504592
"343",116.793842771136,131.969671456131
"344",119.541306565527,131.966423449459
"345",122.288770359917,132.495341871614
"346",126.887103665485,134.950979067795
"347",131.485436971054,137.959044224875
"348",52.7271748610219,94.7190614947691
"349",52.3397111188944,92.2609784322842
"350",53.0951640006006,91.3866174325348
"351",53.8506168823068,90.731292309782
"352",58.2457437341803,96.2288936217038
"353",62.6408705860538,102.147848722762
"354",65.3019214103822,105.618654996098
"355",67.9629722347105,109.358849736307
"356",68.902646165464,110.894032888843
"357",69.8423200962174,112.668857900497
"358",69.7094215597957,112.746690638809
"359",69.5765230233741,112.998171183436
"360",69.8214686215437,113.523628226244
"361",70.0664142197133,114.108456247959
"362",68.3014866515198,109.898988488004
"363",66.5365590833263,105.876075985533
"364",72.2396932427232,114.310285538181
"365",77.9428274021201,122.951974743415
"366",82.3818492386153,129.500560245137
"367",86.8208710751105,136.285416397115
"368",88.8357805022538,139.215843296056
"369",90.8506899293971,142.346030093067
"370",91.9691138845558,143.673042420455
"371",93.0875378397145,145.215911296575
"372",93.7236791307836,145.420474563552
"373",94.3598204218526,145.817475742247
"374",95.0037879496313,146.160150919212
"375",95.6477554774101,146.706555135547
"376",95.5371031394849,145.697553181711
"377",95.4264508015598,144.968454526477
"378",92.5338240091554,138.805097782934
"379",89.641197216751,132.93933645949
"380",89.0777732640141,130.972997035497
"381",88.5143493112771,129.27778668387
"382",88.7300377834008,128.432601521835
"383",88.9457262555245,127.762254576876
"384",88.1553276312011,126.10644181832
"385",87.3649290068777,124.623415228815
"386",87.171939914544,123.489978646195
"387",86.9789508222103,122.626906030166
"388",86.878823948989,122.04057445433
"389",86.7786970757677,121.845068459008
"390",87.1715412809932,121.402806309609
"391",87.5643854862187,121.193233731861
"392",88.190762373392,120.973987019669
"393",88.8171392605654,120.927073406252
"394",90.4872116937248,121.754386492787
"395",92.1572841268843,122.940743062341
"396",93.3653276308251,121.802171200538
"397",94.5733711347659,121.013679226562
"398",95.3830088142576,120.242184638921
"399",96.1926464937493,119.74716806638
"400",97.4964327663264,120.164416802695
"401",98.8002190389036,120.860381701675
"402",101.346777128559,122.635659734593
"403",103.893335218215,124.655052711983
"404",107.79989323944,127.844225470304
"405",111.706451260666,131.35125324791
"406",114.189404202483,131.451892225547
"407",116.672357144301,131.980424969435
"408",119.991378934756,133.115237442212
"409",123.31040072521,134.688945777929
"410",129.323897192735,138.788691078627
"411",135.33739366026,143.412454223152
"412",49.7202908310715,86.9930536351274
"413",50.2851820856684,86.0069171249869
"414",50.8500733402652,85.2823242170398
"415",54.6411603410148,90.414022951501
"416",58.4322473417644,95.8784952041261
"417",61.232030102975,99.3309997995191
"418",64.0318128641857,103.137441597581
"419",64.9203997527803,105.361757964264
"420",65.8089866413748,107.789493099813
"421",66.3588417100842,108.862605191472
"422",66.9086967787935,110.134624003592
"423",68.099348989399,112.622485876961
"424",69.2900012000046,115.206016988781
"425",70.6353634909038,116.255791908619
"426",71.9807257818031,117.450065282405
"427",76.3725374583155,123.495479878551
"428",80.7643491348279,129.741999145146
"429",83.0116680900742,132.390303667315
"430",85.2589870453205,135.268480971207
"431",86.3428275845405,136.359346055792
"432",87.4266681237605,137.677542328483
"433",88.4775739476463,138.341733172701
"434",89.528479771532,139.274488969255
"435",90.4098565992508,140.445968515186
"436",91.2912334269696,141.814333666588
"437",92.1938422341764,142.976744821544
"438",93.0964510413831,144.366915066343
"439",93.6535161668354,144.599348185506
"440",94.2105812922876,145.153214359396
"441",90.7828276413425,138.134201180911
"442",87.3550739903975,131.476481046898
"443",86.8202551240425,129.858519037854
"444",86.2854362576876,128.530191403719
"445",86.2532985976884,127.260302004652
"446",86.2211609376891,126.17142189278
"447",85.1380449060405,124.147376530685
"448",84.0549288743918,122.27023895404
"449",83.9459434048907,120.698506730707
"450",83.8369579353896,119.454103653454
"451",83.6978636752328,118.587238022488
"452",83.558769415076,118.078732233891
"453",84.2259071795594,117.536928182928
"454",84.8930449440427,117.287747820173
"455",85.9437334488538,117.751881315027
"456",86.9944219536647,118.399304402388
"457",88.3518856603679,119.109515320989
"458",89.7093493670711,120.159693379703
"459",90.8207623907325,119.482617442162
"460",91.9321754143938,119.121805441256
"461",92.4951464489399,117.864756750881
"462",93.0581174834861,116.869618226435
"463",94.3429362680655,117.107053802788
"464",95.6277550526449,117.650281953489
"465",98.2126827430385,119.468152424562
"466",100.797610433432,121.570233333774
"467",105.084313478769,125.191096099507
"468",109.371016524106,129.09706770011
"469",112.960944020786,130.561050210687
"470",116.550871517466,132.492256255361
"471",120.441451303985,134.599303596453
"472",124.332031090504,137.180518508144
"473",131.760690719985,142.887871986723
"474",47.3739863459385,81.5100079533853
"475",48.032718200385,81.045801213209
"476",51.1873740576032,85.2044791901529
"477",54.3420299148214,89.629374281757
"478",56.8265951935877,93.0229318838638
"479",59.311160472354,96.6945709709721
"480",60.8599467413675,99.9379918102679
"481",62.4087330103812,103.38359910354
"482",63.7173380802858,106.294823616721
"483",65.0259431501905,109.419470120439
"484",66.729747535202,112.271127219833
"485",68.4335519202135,115.220574324681
"486",70.2013780280475,117.025013762027
"487",71.9692041358816,118.957155743463
"488",75.2770665064805,123.033288737555
"489",78.5849288770794,127.297516929883
"490",80.4517586426,129.217794704223
"491",82.3185884081205,131.351319524085
"492",83.113280430177,131.759441433489
"493",83.9079724522335,132.382712217461
"494",84.6793492336326,132.769474257949
"495",85.4507260150317,133.340963354655
"496",86.3013057845064,134.274233625546
"497",87.1518855539812,135.401397510231
"498",87.9253276225598,136.332414000022
"499",88.6987696911384,137.504857502261
"500",88.9364689575144,137.219502895777
"501",89.1741682238904,137.264083371008
"502",87.0340051074094,132.935355536656
"503",84.8938419909284,128.944180888271
"504",84.3773202371541,127.589508003464
"505",83.8607984833797,126.484182789431
"506",83.5398202658469,125.225094387176
"507",83.2188420483141,124.162248654314
"508",82.4552550331258,122.324986021192
"509",81.6916680179375,120.643251656338
"510",81.7487694910039,119.232394066477
"511",81.8058709640704,118.089339812715
"512",82.3544941487695,117.6828577805
"513",82.9031173334687,117.644161670939
"514",83.3200195471594,116.748111715068
"515",83.7369217608502,116.156023300681
"516",84.8675014925459,116.419491179611
"517",85.9980812242417,116.893902574587
"518",87.6504181645014,117.61948446642
"519",89.3027551047612,118.612009975678
"520",90.3773384910968,118.33641586202
"521",91.4519218774324,118.349684266927
"522",92.0929906954948,117.418337709802
"523",92.7340595135573,116.73016307975
"524",93.9689870788432,116.728513647591
"525",95.2039146441292,117.004758624862
"526",97.7257081609759,118.78718084911
"527",100.247501677823,120.825540482914
"528",105.716994580218,125.664565893382
"529",111.186487482612,130.822833528011
"530",116.170346165497,134.606008602849
"531",121.154204848382,138.685115603363
"532",125.611215907742,141.5459520465
"533",130.068226967101,144.786710919454
"534",138.466669109082,151.442104902024
"535",44.4627906062087,77.3086675195797
"536",45.2153630605048,77.0983947670757
"537",47.7335877741917,80.2631668951941
"538",50.2518124878784,83.655772505285
"539",52.4211602842003,86.9129195851138
"540",54.5905080805222,90.4076163701667
"541",56.7994937299548,94.6803891971783
"542",59.0084793793874,99.1653521628906
"543",61.0758344504874,104.002244376469
"544",63.1431895215874,109.104822780738
"545",65.3601460810049,112.25563218936
"546",67.5771026404224,115.528770301376
"547",69.7673925651912,118.020965031656
"548",71.9576824899601,120.657810972154
"549",74.1815955546455,122.773126388798
"550",76.4055086193309,125.079886316257
"551",77.8918491951257,126.272645660283
"552",79.3781897709206,127.685341161349
"553",79.8837332758135,127.460493272023
"554",80.3892767807064,127.495754660222
"555",80.8811245196189,127.553626201265
"556",81.3729722585313,127.758016960884
"557",82.1927549697621,128.417066965322
"558",83.0125376809928,129.283112954894
"559",83.6568130109432,129.965628847754
"560",84.3010883408936,130.918108571167
"561",84.2194217481934,130.054106210517
"562",84.1377551554932,129.589757855315
"563",83.2851825734762,127.931439298658
"564",82.4326099914593,126.603580296314
"565",81.9343853502656,125.512401805796
"566",81.4361607090719,124.671197270091
"567",80.8263419340054,123.452133782856
"568",80.216523158939,122.498724385336
"569",79.772465160211,120.778961741758
"570",79.3284071614831,119.342813718913
"571",79.5515955771171,118.018664064774
"572",79.7747839927511,116.947115304544
"573",81.0111246223062,116.998766426969
"574",82.2474652518613,117.45485251454
"575",82.4141319147595,116.228340299274
"576",82.5807985776576,115.339647247505
"577",83.7912695362381,115.410092034287
"578",85.0017404948186,115.739450204457
"579",86.9489506686349,116.532193416276
"580",88.8961608424513,117.647568655915
"581",89.9339145914611,117.698134322317
"582",90.9716683404709,118.078682884809
"583",91.6908349420498,117.379548193183
"584",92.4100015436286,116.962883143917
"585",93.595037889621,116.705956991587
"586",94.7800742356134,116.740834496298
"587",97.2387335789134,118.453312647449
"588",99.6973929222133,120.444861395153
"589",106.349675681666,126.55855625518
"590",113.001958441119,133.079732942976
"591",119.379748310208,139.164890727143
"592",125.757538179297,145.461745710467
"593",130.780980511498,149.106394893919
"594",135.804422843699,153.123469102995
"595",145.172647498178,160.618153489064
"596",154.540872152657,168.755290863048
"597",42.9150369102162,73.7469035682617
"598",45.2979898935832,76.6104646416758
"599",47.6809428769501,79.6750564576424
"600",49.8295298302695,83.0015748832038
"601",51.9781167835888,86.5392263495218
"602",54.3019031087922,90.8642510231791
"603",56.6256894339956,95.4045697855938
"604",59.2116133661806,100.71017990554
"605",61.7975372983656,106.18979138224
"606",64.2699829966613,110.14637283101
"607",66.742428694957,114.209772651348
"608",68.7136425427458,116.615361249919
"609",70.6848563905346,119.142262334557
"610",72.2616861000509,120.466526672638
"611",73.8385158095671,121.965170044566
"612",75.0266317727881,122.407767230394
"613",76.2147477360091,123.055385749714
"614",76.5534795951773,122.452480206531
"615",76.8922114543455,122.075507056322
"616",77.0580991071204,121.429085002197
"617",77.2239867598952,120.911970473448
"618",77.8746389922902,121.2961044561
"619",78.5252912246852,121.84640032347
"620",79.3728999107995,122.3512063511
"621",80.2205085969139,123.107795208723
"622",80.4185521200394,122.872103974088
"623",80.6165956431649,122.987272711029
"624",80.291740505346,122.580070130554
"625",79.9668853675272,122.461175396942
"626",79.6757621634684,122.180128590263
"627",79.3846389594097,122.0974993728
"628",79.4474832076633,122.093227473214
"629",79.510327455917,122.288976085756
"630",79.4959795661972,121.35897878702
"631",79.4816316764775,120.572018677328
"632",79.6667042248693,118.866871548173
"633",79.8517767732612,117.427773550484
"634",80.9094579582224,117.048062192662
"635",81.9671391431836,117.047018301599
"636",82.5765412797531,116.762384859788
"637",83.1859434163225,116.813031619438
"638",84.366577490048,116.87293207931
"639",85.5472115637735,117.225253270942
"640",87.974457952036,118.546421663441
"641",90.4017043402986,120.165141722349
"642",91.421849379096,120.391860540322
"643",92.4419944178934,120.933122480768
"644",93.3227552318014,120.343814210712
"645",94.2035160457095,120.008876232498
"646",96.1059980382549,120.558752340501
"647",98.0084800308004,121.425320603993
"648",101.49768290375,124.096806859906
"649",104.9868857767,127.059782496034
"650",112.725998242542,134.824427105633
"651",120.465110708384,142.935180648378
"652",128.240364466759,150.58411220277
"653",136.015618225133,158.517401556008
"654",143.016035182295,164.312591669104
"655",150.016452139457,170.472638021069
"656",158.999966721446,177.382473866608
"657",167.983481303435,184.883952426454
"658",42.8623920129747,73.1759773893703
"659",45.1100732660218,75.9202634582167
"660",47.2378993763386,79.2987068445993
"661",49.3657254866554,82.885248123705
"662",51.8043124876296,87.2675663932195
"663",54.2428994886037,91.8892713339525
"664",57.3473922818737,97.6391487428193
"665",60.4518850751437,103.519896438438
"666",63.1798199123177,108.2624030378
"667",65.9077547494916,113.124071769615
"668",67.6598925203004,115.444152281071
"669",69.4120302911092,117.880009351941
"670",70.3417766454562,118.426798836896
"671",71.2715229998032,119.147145362526
"672",72.1614143504505,118.909361925413
"673",73.0513057010977,118.893632516429
"674",73.2232259145412,117.852909228795
"675",73.3951461279846,117.040780555361
"676",73.2350736946219,115.679984666766
"677",73.0750012612591,114.438016728993
"678",73.5565230148183,114.513179622949
"679",74.0380447683775,114.735392494751
"680",75.0889868106558,115.052024988059
"681",76.1399288529341,115.62582788803
"682",76.6176824918854,116.008768521878
"683",77.0954361308366,116.751852809807
"684",77.2982984372158,117.509555840123
"685",77.501160743595,118.539560959669
"686",77.4171389766713,119.035786492813
"687",77.3331172097474,119.705450156975
"688",78.0686244813213,120.906077120557
"689",78.8041317528951,122.390098771832
"690",79.2194939721835,122.108287211633
"691",79.6348561914719,121.950296523107
"692",79.7818128726216,119.911337680531
"693",79.9287695537713,118.225353420181
"694",80.8077912941386,117.375197891911
"695",81.6868130345059,116.927051798426
"696",82.7389506447467,117.551558707507
"697",83.7910882549873,118.567926992535
"698",84.9418854438578,118.658625207479
"699",86.0926826327283,119.156975159999
"700",88.9999652354371,121.046096034217
"701",91.9072478381458,123.318946089422
"702",92.9097841667308,123.601592512805
"703",93.9123204953159,124.294909051451
"704",94.9546755215531,123.780921009351
"705",95.9970305477903,123.593483825089
"706",98.6169581868888,124.937400626787
"707",101.236885825987,126.700195909589
"708",105.756632228587,130.230671122491
"709",110.276378631187,134.110315717764
"710",119.102320803418,143.522832189085
"711",127.92826297565,153.281881690261
"712",137.100980623309,162.41703578994
"713",146.273698270969,171.965565435878
"714",155.251089853092,179.876075605929
"715",164.228481435214,188.213293006224
"716",172.827285944714,194.520590643647
"717",43.9033703124934,74.5160108499041
"718",46.2049102106874,77.9167338605047
"719",48.5064501088815,81.5124282216885
"720",50.7738414364718,85.347910684511
"721",53.0412327640623,89.3964616813915
"722",55.6916313738022,94.2341936458449
"723",58.3420299835422,99.1850850779512
"724",61.1337329224143,104.121978313138
"725",63.9254358612865,109.202202892242
"726",65.3980446042115,111.373307768497
"727",66.8706533471366,113.689387207816
"728",67.7437873683668,114.718153974288
"729",68.616921389597,115.925457592859
"730",69.3342946051755,115.313291451719
"731",70.0516678207541,114.925234053576
"732",70.3630627769396,113.67494316505
"733",70.6744577331253,112.633273033492
"734",70.3705808906465,111.286840385587
"735",70.0667040481678,110.046625209574
"736",70.6348925355147,109.929153815528
"737",71.2030810228617,109.939313648392
"738",72.2381534844407,110.110949662868
"739",73.2732259460199,110.521859746824
"740",73.5153092638468,110.501006438134
"741",73.7573925816738,110.821795112359
"742",74.6892947808151,112.660555202574
"743",75.6211969799565,114.715555809759
"744",76.1172658308274,116.027218643597
"745",76.6133346816984,117.502404524147
"746",77.9953274339923,119.510955802936
"747",79.3773201862863,121.685824735001
"748",80.348624554483,122.219111524612
"749",81.3199289226797,122.877351325718
"750",81.9631716989953,121.903643356226
"751",82.6064144753109,121.240529205948
"752",83.8458528599351,120.774205832534
"753",85.0852912445593,120.747349477182
"754",87.2374470431128,122.58634007913
"755",89.3896028416663,124.961387451654
"756",91.4230268891847,126.356101775789
"757",93.456450936703,128.046239023115
"758",95.6066139216373,129.125905584146
"759",97.7567769065715,130.472960699263
"760",98.7683350091031,130.764916309314
"761",99.7798931116346,131.345006423353
"762",100.767465502928,131.34912340435
"763",101.755037894221,131.623036973699
"764",104.581940127556,133.255626650642
"765",107.40884236089,135.347826629487
"766",112.08561787409,139.112346928656
"767",116.762393387291,143.196327931877
"768",126.266107216475,153.382005804574
"769",135.769821045658,163.8226474151
"770",145.7580640755,173.790340533377
"771",155.746307105342,184.183487810326
"772",165.969260179781,193.492092597945
"773",45.1719210450362,76.7185119743023
"774",47.6471747311075,80.3788978244435
"775",49.7433703853142,83.6727187047786
"776",51.8395660395208,87.170674195923
"777",54.0358704657307,91.1110579766209
"778",56.2321748919407,95.1576215877161
"779",59.0876459325111,100.25261352637
"780",61.9431169730814,105.54700176781
"781",63.1361966881226,107.555461328704
"782",64.3292764031639,109.761772788614
"783",65.1457980912773,111.285895056488
"784",65.9623197793907,113.020702553176
"785",66.5071748599005,112.050305344558
"786",67.0520299404104,111.327162561888
"787",67.5028996393382,109.840691807602
"788",67.9537693382659,108.560117881085
"789",67.5060880866712,107.214394008556
"790",67.0584068350764,105.97586603406
"791",67.7132620562111,105.621851548752
"792",68.3681172773458,105.398919146967
"793",69.3873201582257,105.409718972586
"794",70.4065230391056,105.660381310174
"795",70.4129360358082,105.202593098342
"796",70.4193490325109,105.10035920296
"797",72.0802911244144,107.982078966222
"798",73.7412332163179,111.056863183774
"799",74.8173926849836,113.165243995034
"800",75.8935521536493,115.465989462603
"801",77.9220303866635,118.264120918634
"802",79.9505086196775,121.185967423323
"803",81.4777551367825,122.526591537933
"804",83.0050016538874,124.015911818205
"805",84.144530525369,124.090735566032
"806",85.2840593968505,124.487696972738
"807",86.8839144257316,124.390238460144
"808",88.4837694546127,124.831429825598
"809",91.735943441479,128.006054735288
"810",94.9881174283453,131.955421791357
"811",97.9041683345115,134.506720350695
"812",100.820219240678,137.338420823444
"813",102.213262607838,137.573855917806
"814",103.606305974997,138.052262520406
"815",104.626885851475,138.346781716169
"816",105.647465727953,138.934328268353
"817",106.580255484303,139.364806275577
"818",107.513045240653,140.088224992362
"819",110.546922068222,141.961602195967
"820",113.580798895792,144.362389218441
"821",118.414603519594,148.382321330612
"822",123.248408143395,152.785195997636
"823",133.429893629531,163.682018736185
"824",143.611379115667,174.83895290404
"825",154.415147527691,185.586888287242
"826",165.218915939714,196.835662761978
"827",176.68743050647,207.494012928357
"828",45.8882616882874,77.5442051523155
"829",48.0822471997485,80.9344759442494
"830",50.2762327112096,84.5027608799023
"831",52.6462690061039,88.5109321450548
"832",55.0163053009983,92.6500570253749
"833",57.235671255114,96.3449636851933
"834",59.4550372092296,100.285272507848
"835",60.587356058662,102.318896805375
"836",61.7196749080944,104.565469633759
"837",62.3719756058134,105.741195028552
"838",63.0242763035323,107.12903198241
"839",63.6080082199104,106.630510922066
"840",64.1917401362886,106.365348272765
"841",64.701613397984,105.340429803633
"842",65.2114866596795,104.492617350361
"843",65.2383344044328,103.650028881379
"844",65.2651821491862,102.902340561229
"845",66.5328091100317,103.237620917352
"846",67.8004360708773,103.70586101828
"847",68.7047476249059,103.529075618327
"848",69.6090591789345,103.57573191561
"849",70.1811243675028,103.838616327861
"850",70.7531895560712,104.434514363869
"851",73.1588418004886,108.06166471993
"852",75.564494044906,111.883966332538
"853",76.9226462702402,113.74548657108
"854",78.2807984955744,115.819143977629
"855",80.8835158982503,119.728227057894
"856",83.4862333009263,123.777405045982
"857",85.769947170585,126.437283318108
"858",88.0536610402437,129.263164514189
"859",89.2870124579461,129.411419194295
"860",90.5203638756486,129.891108181515
"861",93.3867225650077,131.357022237129
"862",96.2530812543668,133.412539749922
"863",100.920816853034,138.276512664306
"864",105.588552451701,143.773508725647
"865",109.545237380685,147.613964228959
"866",113.501922309669,151.804238047917
"867",114.683443950304,152.142750358973
"868",115.86496559094,152.73457392236
"869",116.804947625291,153.10997147885
"870",117.744929659642,153.782924313842
"871",118.418009255926,153.850513628711
"872",119.091088852211,154.190734558029
"873",119.771867892227,153.143120213906
"874",120.452646932243,152.557541680762
"875",122.438208672595,152.411371495415
"876",124.423770412946,152.617434902367
"877",133.171687129064,161.771945252651
"878",141.919603845183,171.132907032482
"879",44.1293486454673,74.8754766756729
"880",46.4211240141828,78.373452096455
"881",48.7128993828983,82.0379565601303
"882",51.2566675464771,86.1308278968085
"883",53.8004357100559,90.4109076618491
"884",55.3836965777169,92.6735724661157
"885",56.9669574453779,95.2931469447847
"886",58.0385154292015,97.3177060700111
"887",59.110073413025,99.5842766143746
"888",59.5981531203495,100.417501640789
"889",60.086232827674,101.482367406239
"890",60.7088415799204,101.43925481366
"891",61.3314503321667,101.628972603144
"892",61.9003271566299,101.044710515435
"893",62.4692039810931,100.61712553857
"894",62.9705807221946,100.255085650717
"895",63.471957463296,99.984057219789
"896",65.3523561638524,101.003325004988
"897",67.2327548644087,102.173059433214
"898",68.022175091586,101.814151222297
"899",68.8115953187634,101.685329571677
"900",69.9493126991974,102.660018220044
"901",71.0870300796315,103.968780490549
"902",74.2373924765628,108.338599807537
"903",77.3877548734941,112.935637649114
"904",79.0278998554968,114.592400781275
"905",80.6680448374994,116.530482531056
"906",83.8450014098372,121.499346637222
"907",87.021957982175,126.663696775511
"908",90.0621392043874,130.61024820863
"909",93.1023204265999,134.775514603925
"910",94.4294943905233,135.026212007965
"911",95.7566683544467,135.675233971396
"912",99.8895307042839,138.701030210481
"913",104.022393054121,142.449884208267
"914",110.105690264588,149.05790335457
"915",116.188987475056,156.271089254128
"916",121.186306426858,161.269292273587
"917",126.183625378659,166.798992201951
"918",127.153625292771,167.273432645166
"919",128.123625206883,168.148889412235
"920",128.983009399107,168.555487250602
"921",129.842393591331,169.324730342984
"922",130.25576302755,168.903965402717
"923",130.669132463769,168.823914818424
"924",41.9418123407047,70.9816825634131
"925",44.1798196246591,74.3645935020141
"926",46.4178269086136,77.8996016002127
"927",48.8331167978694,81.451294875767
"928",51.2484066871251,85.1771359144126
"929",53.0140951365246,87.7385071741756
"930",54.7797835859241,90.5545344568353
"931",56.0496748753351,92.7907820622457
"932",57.3195661647461,95.2465506305454
"933",57.7740408027531,96.0954111414956
"934",58.2285154407601,97.1846385108214
"935",58.9352727184706,97.5198457436377
"936",59.6420299961812,98.0917183564149
"937",60.5551459777344,98.0671188338717
"938",61.4682619592877,98.1822985653712
"939",62.2248923519532,98.1333549303444
"940",62.9815227446187,98.1708708812312
"941",64.8562148760383,99.2367453961387
"942",66.730907007458,100.443647085365
"943",68.358262053479,101.33890704157
"944",69.9856170994999,102.44278216929
"945",72.1247294329957,104.425862733613
"946",74.2638417664916,106.720467340249
"947",77.5778998002369,111.038975257181
"948",80.8919578339824,115.671985024322
"949",82.9952188345644,118.276749395306
"950",85.0984798351465,121.111662794741
"951",88.272048666146,125.466124904308
"952",91.4456174971455,130.047571598625
"953",95.3139871020046,134.759797504559
"954",99.1823567068636,139.692108899071
"955",102.405074187534,142.279258787764
"956",105.627791668205,145.275287740993
"957",110.839385886623,149.877662350434
"958",116.050980105041,155.055262977825
"959",123.297991131451,163.412641389073
"960",130.545002157862,172.389829987393
"961",136.409658154218,178.358582402147
"962",142.274314150573,184.735927485794
"963",144.149314042416,186.835508081202
"964",146.024313934258,189.214175757625
"965",144.739676367922,186.733342483072
"966",39.754276035942,67.2679693756712
"967",41.9385152351354,70.5171897237692
"968",44.1227544343288,73.9207909265998
"969",46.4095660492616,77.0006057409623
"970",48.6963776641944,80.2850328190904
"971",50.6444936953323,83.0522183131493
"972",52.5926097264702,86.0076257300501
"973",54.0608343214688,88.4481912596247
"974",55.5290589164673,91.0969160621796
"975",55.9499284851567,91.9527247839572
"976",56.3707980538462,93.0650751554278
"977",57.161703857021,93.7762719601827
"978",57.9526096601957,94.7376441792709
"979",59.209964798839,95.2516486648766
"980",60.4673199374823,95.9004376654975
"981",61.4792039817118,96.1535515834457
"982",62.4910880259414,96.5058503877315
"983",64.3600735882243,97.6167806072463
"984",66.2290591505073,98.8761758117769
"985",68.6943490153719,101.016713361146
"986",71.1596388802364,103.380625708893
"987",74.300146166794,106.399657320232
"988",77.4406534533516,109.773149990075
"989",80.9184071239111,114.074161532167
"990",84.3961607944706,118.842214146394
"991",86.9625378136321,122.324892048365
"992",89.5289148327935,126.072313857443
"993",92.6990959224548,129.808325778581
"994",95.869277012116,133.827842038462
"995",100.565834999622,139.306806659514
"996",105.262392987127,145.027872486913
"997",110.380653984545,149.964702369975
"998",115.498914981963,155.40278242936
"999",121.789241068961,161.649607277995
"1000",128.07956715596,168.467234475628
"1001",136.490291998314,178.241564155232
"1002",144.901016840668,188.923678008487
"1003",151.633009881578,195.891489503295
"1004",158.365002922487,203.283809540351
"1005",161.14500279206,206.863197994923
"1006",163.925002661634,210.755398512688
"1007",39.9961419899894,66.3244168403587
"1008",42.1836239311277,69.6306040278987
"1009",44.3530442589813,72.678435132378
"1010",46.5224645868349,75.9227708279091
"1011",48.5494211436438,78.9471961172148
"1012",50.5763777004528,82.1501960518919
"1013",52.4579356953637,85.1129001933096
"1014",54.3394936902746,88.2591083448971
"1015",55.3584791936709,89.8977489649682
"1016",56.3774646970673,91.7498131286105
"1017",57.4798197816261,93.1157665166089
"1018",58.5821748661849,94.6750266105996
"1019",60.2706532147403,95.7917656064204
"1020",61.9591315632956,97.0390088503714
"1021",63.1725554727639,97.465251573415
"1022",64.3859793822322,98.0076617441119
"1023",66.9491134749928,100.136718244384
"1024",69.5122475677534,102.433868594097
"1025",72.7593490698658,105.528318560077
"1026",76.0064505719782,108.842628522723
"1027",79.7797839989859,112.877049050918
"1028",83.5531174259935,117.215741704395
"1029",87.083515983357,121.549634895449
"1030",90.6139145407205,126.261907474485
"1031",93.403824109109,129.715718719828
"1032",96.1937336774975,133.439853882848
"1033",99.0604184621837,136.56102287098
"1034",101.92710324687,140.014501608446
"1035",106.813661221655,145.244592685671
"1036",111.70021919644,150.729844443039
"1037",117.566197591778,156.251012089936
"1038",123.432175987117,162.229815956826
"1039",130.308063687556,168.229630936429
"1040",137.183951387994,174.754237709619
"1041",146.53579950605,185.275711368998
"1042",155.887647624106,196.401148921162
"1043",163.366035441437,205.741777716232
"1044",170.844423258769,215.666470785274
"1045",48.5601456744353,78.4600210211303
"1046",50.8550370692586,81.9536101159438
"1047",53.1499284640818,85.619618374202
"1048",54.7670299021851,88.0574048254738
"1049",56.3841313402884,90.6784924880069
"1050",57.7979357062313,92.6910117324973
"1051",59.2117400721741,94.8635201218989
"1052",61.3313416306416,96.5458717851124
"1053",63.4509431891089,98.3693388606425
"1054",64.865906963816,98.9295728468673
"1055",66.2808707385229,99.6503948288759
"1056",69.5381533617613,102.817267273706
"1057",72.7954359849996,106.183108771394
"1058",76.8243491243598,110.276531376594
"1059",80.85326226372,114.597230293198
"1060",85.2594218311777,119.70819674609
"1061",89.6655813986355,125.14286066229
"1062",93.2486248428029,129.506509892292
"1063",96.8316682869703,134.210861952495
"1064",99.8451104045859,137.63622347756
"1065",102.858552522201,141.402458754265
"1066",105.421741001913,143.855083774852
"1067",107.984929481624,146.730824224798
"1068",113.061487443688,151.663201302732
"1069",118.138045405753,156.900737112569
"1070",124.751741199012,162.940301641219
"1071",46.6660515049689,75.092875872199
"1072",49.635598667464,79.4722592863857
"1073",52.6051458299592,83.9926915636512
"1074",54.8276458265435,87.2793664371944
"1075",57.0501458231279,90.7275110371187
"1076",58.9043849903658,93.1077820114577
"1077",60.7586241576038,95.6276064496132
"1078",63.0819031990336,97.7628467233224
"1079",65.4051822404634,100.060849880086
"1080",67.6777185676026,101.797560872707
"1081",69.9502548947418,103.736875605229
"1082",73.8075193896539,107.77624314105
"1083",77.664783884566,112.037772910643
"1084",82.6698745928354,117.39595242691
"1085",87.6749653011048,122.988782987228
"1086",92.7238241518578,129.06716341236
"1087",97.7726830026108,135.434494573322
"1088",101.372266292615,139.460024323523
"1089",104.97184958262,143.735468704689
"1090",107.824585135134,146.658459474202
"1091",110.677320687648,149.886288777415
"1092",112.764856992138,150.440487210347
"1093",114.852393296628,151.29791815346
"1094",118.927918650317,152.951115845798
"1095",48.4161602656695,77.1284249145377
"1096",52.0603631958365,82.520833817725
"1097",54.888261750902,86.6791882284505
"1098",57.7161603059674,90.9959156727609
"1099",60.0108342745004,93.7340333496408
"1100",62.3055082430334,96.6134242819805
"1101",64.8324647674256,99.1894108916361
"1102",67.3594212918178,101.967493987338
"1103",70.4895301713892,104.862653621142
"1104",73.6196390509605,108.019399157426
"1105",78.0768854175465,112.943855505872
"1106",82.5341317841324,118.123520866192
"1107",88.515400061311,124.764178417125
"1108",94.4966683384895,131.658256094565
"1109",100.188226472538,138.732141490801
"1110",105.879784606586,146.083799192226
"1111",109.495907742428,149.830426202918
"1112",113.112030878269,153.785945956091
"1113",115.804059865682,156.184418943292
"1114",118.496088853095,158.874919475205
"1115",120.107972982364,157.533359363912
"1116",48.3474102697727,76.0999733887048
"1117",52.3189501692123,82.3257829497234
"1118",55.7487690250281,86.9696216468379
"1119",59.178587880844,91.7726920276135
"1120",61.926794512331,95.1502006339762
"1121",64.675001143818,98.6735361890148
"1122",67.4666678158027,101.494578720433
"1123",70.2583344877873,104.533557515562
"1124",73.5114143422602,107.788324801774
"1125",76.7644941967332,111.338098737019
"1126",81.7132804452455,116.82638930751
"1127",86.6620666937579,122.592715347038
"1128",92.9967225958728,129.853390092308
"1129",99.3313784979878,137.365482778466
"1130",105.104911295481,144.288598716209
"1131",110.878444092975,151.488303758013
"1132",114.366288257771,154.291813439216
"1133",117.854132422567,157.23328228051
"1134",118.877049068032,155.638623390661
"1135",48.2786602738759,75.1966446625889
"1136",52.577537142588,82.2638096207513
"1137",56.6092762991543,87.4661355246439
"1138",60.6410154557207,92.8760756140364
"1139",63.8427547501616,96.7895724791262
"1140",67.0444940446026,100.891389281275
"1141",70.1008708641797,103.973063630462
"1142",73.1572476837568,107.295144158459
"1143",76.5332985131313,110.910743920327
"1144",79.9093493425058,114.870732192145
"1145",85.3496754729446,120.928600656639
"1146",90.7900016033833,127.303459518553
"1147",97.4780451304347,135.18388473965
"1148",104.166088657486,143.322618528546
"1149",110.021596118424,150.132484666048
"1150",115.877103579363,157.237449322779
"1151",49.4057617437243,75.3191604040774
"1152",53.8000371321118,82.3131317004665
"1153",58.2132618408124,88.199648826974
"1154",62.626486549513,94.2136227219322
"1155",66.2710156520019,98.6802228048207
"1156",69.9155447544908,103.294397679185
"1157",73.2071208742623,106.699944552013
"1158",76.4986969940338,110.353877102484
"1159",79.996885484318,113.893516534817
"1160",83.4950739746023,117.776454743232
"1161",88.9365776703518,123.292221467582
"1162",94.3780813661013,129.131880634679
"1163",100.332393033545,134.331459245248
"1164",106.286704700988,139.81598374859
"1165",110.920780863594,144.060932206084
"1166",50.5328632135727,75.5665829584071
"1167",55.0225371216356,82.5090521243543
"1168",59.8172473824705,89.0633921955726
"1169",64.6119576433053,95.7095212816258
"1170",68.6992765538422,100.722404367052
"1171",72.786595464379,105.887794375361
"1172",76.3133708843449,109.604074806707
"1173",79.8401463043107,113.591485344406
"1174",83.4604724555047,117.04480837911
"1175",87.0807986066987,120.858285481506
"1176",92.523479867759,125.847524205274
"1177",97.9661611288192,131.195711547412
"1178",103.186740936655,133.800594605046
"1179",108.40732074449,136.802725507563
"1180",111.819965608764,138.445217254085
"1181",115.232610473037,140.334774377439
"1182",57.4148922576826,83.8283283833094
"1183",62.2802184601476,90.4908781025657
"1184",67.1455446626127,97.2426304107887
"1185",71.6132258986663,102.641433507621
"1186",76.0809071347199,108.194017147829
"1187",79.5295484333515,111.556020804785
"1188",82.9781897319832,115.170415204595
"1189",86.7105992467305,117.546590697919
"1190",90.4430087614778,120.285087637598
"1191",94.5856356391386,123.188580296626
"1192",98.7282625167995,126.440132179602
"1193",102.045237204549,127.325649218348
"1194",105.362211892298,128.505393967131
"1195",107.622447381965,129.499177597833
"1196",109.882682871632,130.643260828381
"1197",64.7431895378248,92.175690038648
"1198",69.6791316819202,99.0789820980733
"1199",74.5271752434904,104.862902251018
"1200",79.3752188050607,110.808905842838
"1201",82.7457259823582,113.775662380049
"1202",86.1162331596557,116.990251528579
"1203",89.9607260379562,118.271345504905
"1204",93.8052189162568,119.952729969136
"1205",96.6477914105183,120.769047790522
"1206",99.4903639047798,121.950689076194
"1207",100.903733472442,121.109475527036
"1208",102.317103040105,120.498140293059
"1209",103.424929155166,120.779652441026
"1210",104.532755270228,121.162025661527
"1211",96.4300016442854,107.770719313466
"1212",73.4806534957438,102.234740255973
"1213",77.8813057233836,107.159719207301
"1214",82.2819579510234,112.235117505889
"1215",85.3853637174636,113.859421370581
"1216",88.4887694839037,115.723899290772
"1217",90.7205812098256,114.876765406738
"1218",92.9523929357475,114.365926275479
"1219",94.2210885925097,113.711604251505
"1220",95.4897842492719,113.342929189999
"1221",90.622918195978,104.253916209011
"1222",85.756052142684,95.4123356856191
"1223",84.9861789268293,93.6281224768578
"1224",84.2163057109746,91.9208293993334
"1225",77.7214506244246,81.7318673460489
"1226",71.2265955378747,71.8127022891346
"1227",77.2821753095674,105.709276741696
"1228",81.2354362032768,109.753884119988
"1229",85.1886970969862,113.958369689399
"1230",88.025001452569,114.237256451901
"1231",90.8613058081518,114.770517300681
"1232",91.480436381695,111.797436599726
"1233",92.0995669552382,109.129525142398
"1234",91.7943857745011,106.977484148166
"1235",91.4892045937641,105.076372389868
"1236",80.3421029195136,87.8056588023679
"1237",69.1950012452631,70.988516642241
"1238",66.5474286984922,67.2187312225215
"1239",63.8998561517214,63.5428840766043
"1240",59.0128996045639,56.6037646383309
"1241",54.1259430574064,49.9663900160646
"1242",81.4484797153919,106.765244062739
"1243",84.4547478596653,108.996038489901
"1244",87.4610160039387,111.404819642429
"1245",88.3420485661541,109.667271491329
"1246",89.2230811283694,108.139433643586
"1247",85.887465227641,100.637916378948
"1248",82.5518493269125,93.3996574025767
"1249",79.6102007243836,88.3462172156947
"1250",76.6685521218548,83.5158257025672
"1251",69.0254179143414,71.9743457034476
"1252",61.3822837068281,60.7994569028919
"1253",58.2963234816462,56.4472758161093
"1254",55.2103632564643,52.2330245527458
"1255",52.9410878855047,49.3519771028373
"1256",50.6718125145451,46.5849810645166
"1257",85.6147841212164,108.186102791375
"1258",87.6740595160538,108.616867468119
"1259",89.7333349108912,109.269012723574
"1260",88.6590956797392,105.474506789992
"1261",87.5848564485871,101.872693188948
"1262",80.294494073587,89.8398884429433
"1263",73.0041316985868,78.0986339381822
"1264",67.4260156742662,70.2117727561821
"1265",61.8478996499455,62.5759631595181
"1266",57.7087329091693,56.689586663065
"1267",53.5695661683931,51.0554620673626
"1268",50.0452182648002,46.2436964617118
"1269",46.5208703612072,41.7040691321733
"1270",86.9406537052568,105.96315149431
"1271",86.439258721186,103.384099966978
"1272",85.9378637371153,100.997660389437
"1273",84.5128999230587,98.2165563475045
"1274",83.0879361090021,95.5977113127653
"1275",76.7693853361465,85.7602800247012
"1276",70.4508345632909,76.1868268681671
"1277",65.2460337533305,69.0165237307567
"1278",60.0412329433702,62.0660517676333
"1279",54.5251458784241,54.1842228160391
"1280",82.1423925633394,92.9820712041668
"1281",80.3667041663783,91.1751652088739
"1282",78.5910157694171,89.5390349955139
"1283",73.244276598706,81.9049634873687
"1284",67.8975374279949,74.5323383401428
"1285",63.0660518323949,68.0988857066489
"1286",58.2345662367949,61.8702055572721
"1287",51.341558847679,51.9784181368262
"1288",0,0
